-- filepath: c:\Academics\project\DevTrails\supabase\migrations\seed_data.sql
-- =========================================
-- SEED DATA - 100 Workers + 10 Admins
-- =========================================

-- =========================================
-- DELIVERY ZONES (10 zones across cities)
-- =========================================
INSERT INTO delivery_zones (id, name, city, risk_score) VALUES
('11111111-1111-1111-1111-111111111111', 'Koramangala', 'Bangalore', 0.25),
('22222222-2222-2222-2222-222222222222', 'Indiranagar', 'Bangalore', 0.15),
('33333333-3333-3333-3333-333333333333', 'Whitefield', 'Bangalore', 0.30),
('44444444-4444-4444-4444-444444444444', 'Andheri West', 'Mumbai', 0.40),
('55555555-5555-5555-5555-555555555555', 'Bandra', 'Mumbai', 0.20),
('66666666-6666-6666-6666-666666666666', 'Connaught Place', 'Delhi', 0.35),
('77777777-7777-7777-7777-777777777777', 'Dwarka', 'Delhi', 0.28),
('88888888-8888-8888-8888-888888888888', 'Park Street', 'Kolkata', 0.32),
('99999999-9999-9999-9999-999999999999', 'Salt Lake', 'Kolkata', 0.22),
('aaaaaaaa-aaaa-aaaa-aaaa-aaaaaaaaaaaa', 'Banjara Hills', 'Hyderabad', 0.18);

-- =========================================
-- USERS - 10 Admins
-- =========================================
INSERT INTO users (id, phone, role) VALUES
('a0000001-0000-0000-0000-000000000001', '+919876543210', 'control_admin'),
('a0000002-0000-0000-0000-000000000002', '+919876543211', 'control_admin'),
('a0000003-0000-0000-0000-000000000003', '+919876543212', 'zonal_admin'),
('a0000004-0000-0000-0000-000000000004', '+919876543213', 'zonal_admin'),
('a0000005-0000-0000-0000-000000000005', '+919876543214', 'zonal_admin'),
('a0000006-0000-0000-0000-000000000006', '+919876543215', 'zonal_admin'),
('a0000007-0000-0000-0000-000000000007', '+919876543216', 'zonal_admin'),
('a0000008-0000-0000-0000-000000000008', '+919876543217', 'zonal_admin'),
('a0000009-0000-0000-0000-000000000009', '+919876543218', 'zonal_admin'),
('a0000010-0000-0000-0000-000000000010', '+919876543219', 'zonal_admin');

-- =========================================
-- USERS - 100 Workers
-- =========================================
INSERT INTO users (id, phone, role) VALUES
('w0000001-0000-0000-0000-000000000001', '+919000000001', 'worker'),
('w0000002-0000-0000-0000-000000000002', '+919000000002', 'worker'),
('w0000003-0000-0000-0000-000000000003', '+919000000003', 'worker'),
('w0000004-0000-0000-0000-000000000004', '+919000000004', 'worker'),
('w0000005-0000-0000-0000-000000000005', '+919000000005', 'worker'),
('w0000006-0000-0000-0000-000000000006', '+919000000006', 'worker'),
('w0000007-0000-0000-0000-000000000007', '+919000000007', 'worker'),
('w0000008-0000-0000-0000-000000000008', '+919000000008', 'worker'),
('w0000009-0000-0000-0000-000000000009', '+919000000009', 'worker'),
('w0000010-0000-0000-0000-000000000010', '+919000000010', 'worker'),
('w0000011-0000-0000-0000-000000000011', '+919000000011', 'worker'),
('w0000012-0000-0000-0000-000000000012', '+919000000012', 'worker'),
('w0000013-0000-0000-0000-000000000013', '+919000000013', 'worker'),
('w0000014-0000-0000-0000-000000000014', '+919000000014', 'worker'),
('w0000015-0000-0000-0000-000000000015', '+919000000015', 'worker'),
('w0000016-0000-0000-0000-000000000016', '+919000000016', 'worker'),
('w0000017-0000-0000-0000-000000000017', '+919000000017', 'worker'),
('w0000018-0000-0000-0000-000000000018', '+919000000018', 'worker'),
('w0000019-0000-0000-0000-000000000019', '+919000000019', 'worker'),
('w0000020-0000-0000-0000-000000000020', '+919000000020', 'worker'),
('w0000021-0000-0000-0000-000000000021', '+919000000021', 'worker'),
('w0000022-0000-0000-0000-000000000022', '+919000000022', 'worker'),
('w0000023-0000-0000-0000-000000000023', '+919000000023', 'worker'),
('w0000024-0000-0000-0000-000000000024', '+919000000024', 'worker'),
('w0000025-0000-0000-0000-000000000025', '+919000000025', 'worker'),
('w0000026-0000-0000-0000-000000000026', '+919000000026', 'worker'),
('w0000027-0000-0000-0000-000000000027', '+919000000027', 'worker'),
('w0000028-0000-0000-0000-000000000028', '+919000000028', 'worker'),
('w0000029-0000-0000-0000-000000000029', '+919000000029', 'worker'),
('w0000030-0000-0000-0000-000000000030', '+919000000030', 'worker'),
('w0000031-0000-0000-0000-000000000031', '+919000000031', 'worker'),
('w0000032-0000-0000-0000-000000000032', '+919000000032', 'worker'),
('w0000033-0000-0000-0000-000000000033', '+919000000033', 'worker'),
('w0000034-0000-0000-0000-000000000034', '+919000000034', 'worker'),
('w0000035-0000-0000-0000-000000000035', '+919000000035', 'worker'),
('w0000036-0000-0000-0000-000000000036', '+919000000036', 'worker'),
('w0000037-0000-0000-0000-000000000037', '+919000000037', 'worker'),
('w0000038-0000-0000-0000-000000000038', '+919000000038', 'worker'),
('w0000039-0000-0000-0000-000000000039', '+919000000039', 'worker'),
('w0000040-0000-0000-0000-000000000040', '+919000000040', 'worker'),
('w0000041-0000-0000-0000-000000000041', '+919000000041', 'worker'),
('w0000042-0000-0000-0000-000000000042', '+919000000042', 'worker'),
('w0000043-0000-0000-0000-000000000043', '+919000000043', 'worker'),
('w0000044-0000-0000-0000-000000000044', '+919000000044', 'worker'),
('w0000045-0000-0000-0000-000000000045', '+919000000045', 'worker'),
('w0000046-0000-0000-0000-000000000046', '+919000000046', 'worker'),
('w0000047-0000-0000-0000-000000000047', '+919000000047', 'worker'),
('w0000048-0000-0000-0000-000000000048', '+919000000048', 'worker'),
('w0000049-0000-0000-0000-000000000049', '+919000000049', 'worker'),
('w0000050-0000-0000-0000-000000000050', '+919000000050', 'worker'),
('w0000051-0000-0000-0000-000000000051', '+919000000051', 'worker'),
('w0000052-0000-0000-0000-000000000052', '+919000000052', 'worker'),
('w0000053-0000-0000-0000-000000000053', '+919000000053', 'worker'),
('w0000054-0000-0000-0000-000000000054', '+919000000054', 'worker'),
('w0000055-0000-0000-0000-000000000055', '+919000000055', 'worker'),
('w0000056-0000-0000-0000-000000000056', '+919000000056', 'worker'),
('w0000057-0000-0000-0000-000000000057', '+919000000057', 'worker'),
('w0000058-0000-0000-0000-000000000058', '+919000000058', 'worker'),
('w0000059-0000-0000-0000-000000000059', '+919000000059', 'worker'),
('w0000060-0000-0000-0000-000000000060', '+919000000060', 'worker'),
('w0000061-0000-0000-0000-000000000061', '+919000000061', 'worker'),
('w0000062-0000-0000-0000-000000000062', '+919000000062', 'worker'),
('w0000063-0000-0000-0000-000000000063', '+919000000063', 'worker'),
('w0000064-0000-0000-0000-000000000064', '+919000000064', 'worker'),
('w0000065-0000-0000-0000-000000000065', '+919000000065', 'worker'),
('w0000066-0000-0000-0000-000000000066', '+919000000066', 'worker'),
('w0000067-0000-0000-0000-000000000067', '+919000000067', 'worker'),
('w0000068-0000-0000-0000-000000000068', '+919000000068', 'worker'),
('w0000069-0000-0000-0000-000000000069', '+919000000069', 'worker'),
('w0000070-0000-0000-0000-000000000070', '+919000000070', 'worker'),
('w0000071-0000-0000-0000-000000000071', '+919000000071', 'worker'),
('w0000072-0000-0000-0000-000000000072', '+919000000072', 'worker'),
('w0000073-0000-0000-0000-000000000073', '+919000000073', 'worker'),
('w0000074-0000-0000-0000-000000000074', '+919000000074', 'worker'),
('w0000075-0000-0000-0000-000000000075', '+919000000075', 'worker'),
('w0000076-0000-0000-0000-000000000076', '+919000000076', 'worker'),
('w0000077-0000-0000-0000-000000000077', '+919000000077', 'worker'),
('w0000078-0000-0000-0000-000000000078', '+919000000078', 'worker'),
('w0000079-0000-0000-0000-000000000079', '+919000000079', 'worker'),
('w0000080-0000-0000-0000-000000000080', '+919000000080', 'worker'),
('w0000081-0000-0000-0000-000000000081', '+919000000081', 'worker'),
('w0000082-0000-0000-0000-000000000082', '+919000000082', 'worker'),
('w0000083-0000-0000-0000-000000000083', '+919000000083', 'worker'),
('w0000084-0000-0000-0000-000000000084', '+919000000084', 'worker'),
('w0000085-0000-0000-0000-000000000085', '+919000000085', 'worker'),
('w0000086-0000-0000-0000-000000000086', '+919000000086', 'worker'),
('w0000087-0000-0000-0000-000000000087', '+919000000087', 'worker'),
('w0000088-0000-0000-0000-000000000088', '+919000000088', 'worker'),
('w0000089-0000-0000-0000-000000000089', '+919000000089', 'worker'),
('w0000090-0000-0000-0000-000000000090', '+919000000090', 'worker'),
('w0000091-0000-0000-0000-000000000091', '+919000000091', 'worker'),
('w0000092-0000-0000-0000-000000000092', '+919000000092', 'worker'),
('w0000093-0000-0000-0000-000000000093', '+919000000093', 'worker'),
('w0000094-0000-0000-0000-000000000094', '+919000000094', 'worker'),
('w0000095-0000-0000-0000-000000000095', '+919000000095', 'worker'),
('w0000096-0000-0000-0000-000000000096', '+919000000096', 'worker'),
('w0000097-0000-0000-0000-000000000097', '+919000000097', 'worker'),
('w0000098-0000-0000-0000-000000000098', '+919000000098', 'worker'),
('w0000099-0000-0000-0000-000000000099', '+919000000099', 'worker'),
('w0000100-0000-0000-0000-000000000100', '+919000000100', 'worker');

-- =========================================
-- ADMINS - 2 Control Admins, 8 Zonal Admins
-- =========================================
INSERT INTO admins (user_id, role, assigned_zone_id, permissions) VALUES
('a0000001-0000-0000-0000-000000000001', 'control_admin', NULL, '{"full_access": true, "can_approve_claims": true, "can_manage_zones": true}'),
('a0000002-0000-0000-0000-000000000002', 'control_admin', NULL, '{"full_access": true, "can_approve_claims": true, "can_manage_zones": true}'),
('a0000003-0000-0000-0000-000000000003', 'zonal_admin', '11111111-1111-1111-1111-111111111111', '{"zone_access": true, "can_approve_claims": true}'),
('a0000004-0000-0000-0000-000000000004', 'zonal_admin', '22222222-2222-2222-2222-222222222222', '{"zone_access": true, "can_approve_claims": true}'),
('a0000005-0000-0000-0000-000000000005', 'zonal_admin', '44444444-4444-4444-4444-444444444444', '{"zone_access": true, "can_approve_claims": true}'),
('a0000006-0000-0000-0000-000000000006', 'zonal_admin', '55555555-5555-5555-5555-555555555555', '{"zone_access": true, "can_approve_claims": true}'),
('a0000007-0000-0000-0000-000000000007', 'zonal_admin', '66666666-6666-6666-6666-666666666666', '{"zone_access": true, "can_approve_claims": true}'),
('a0000008-0000-0000-0000-000000000008', 'zonal_admin', '77777777-7777-7777-7777-777777777777', '{"zone_access": true, "can_approve_claims": true}'),
('a0000009-0000-0000-0000-000000000009', 'zonal_admin', '88888888-8888-8888-8888-888888888888', '{"zone_access": true, "can_approve_claims": true}'),
('a0000010-0000-0000-0000-000000000010', 'zonal_admin', 'aaaaaaaa-aaaa-aaaa-aaaa-aaaaaaaaaaaa', '{"zone_access": true, "can_approve_claims": true}');

-- =========================================
-- WORKERS - 100 Workers with realistic data
-- =========================================
INSERT INTO workers (id, user_id, name, platform, assigned_zone_id, current_lat, current_lng, is_logged_in, fraud_score) VALUES
('w0000001-0000-0000-0000-000000000001', 'w0000001-0000-0000-0000-000000000001', 'Rajesh Kumar', 'blinkit', '11111111-1111-1111-1111-111111111111', 12.9352855, 77.6244834, TRUE, 0.15),
('w0000002-0000-0000-0000-000000000002', 'w0000002-0000-0000-0000-000000000002', 'Amit Singh', 'zepto', '11111111-1111-1111-1111-111111111111', 12.9341755, 77.6269834, FALSE, 0.10),
('w0000003-0000-0000-0000-000000000003', 'w0000003-0000-0000-0000-000000000003', 'Priya Sharma', 'instamart', '11111111-1111-1111-1111-111111111111', 12.9315855, 77.6294834, TRUE, 0.05),
('w0000004-0000-0000-0000-000000000004', 'w0000004-0000-0000-0000-000000000004', 'Vikram Patel', 'blinkit', '22222222-2222-2222-2222-222222222222', 12.9718915, 77.6411545, TRUE, 0.20),
('w0000005-0000-0000-0000-000000000005', 'w0000005-0000-0000-0000-000000000005', 'Sunita Reddy', 'zepto', '22222222-2222-2222-2222-222222222222', 12.9728915, 77.6421545, FALSE, 0.08),
('w0000006-0000-0000-0000-000000000006', 'w0000006-0000-0000-0000-000000000006', 'Mohammed Ali', 'instamart', '22222222-2222-2222-2222-222222222222', 12.9738915, 77.6431545, TRUE, 0.12),
('w0000007-0000-0000-0000-000000000007', 'w0000007-0000-0000-0000-000000000007', 'Lakshmi Nair', 'blinkit', '33333333-3333-3333-3333-333333333333', 12.9698996, 77.7499721, TRUE, 0.18),
('w0000008-0000-0000-0000-000000000008', 'w0000008-0000-0000-0000-000000000008', 'Ravi Krishnan', 'zepto', '33333333-3333-3333-3333-333333333333', 12.9708996, 77.7509721, FALSE, 0.14),
('w0000009-0000-0000-0000-000000000009', 'w0000009-0000-0000-0000-000000000009', 'Anjali Gupta', 'instamart', '33333333-3333-3333-3333-333333333333', 12.9718996, 77.7519721, TRUE, 0.07),
('w0000010-0000-0000-0000-000000000010', 'w0000010-0000-0000-0000-000000000010', 'Suresh Yadav', 'blinkit', '33333333-3333-3333-3333-333333333333', 12.9728996, 77.7529721, TRUE, 0.22),
('w0000011-0000-0000-0000-000000000011', 'w0000011-0000-0000-0000-000000000011', 'Deepak Verma', 'zepto', '44444444-4444-4444-4444-444444444444', 19.1136053, 72.8697339, TRUE, 0.11),
('w0000012-0000-0000-0000-000000000012', 'w0000012-0000-0000-0000-000000000012', 'Neha Joshi', 'instamart', '44444444-4444-4444-4444-444444444444', 19.1146053, 72.8707339, FALSE, 0.09),
('w0000013-0000-0000-0000-000000000013', 'w0000013-0000-0000-0000-000000000013', 'Arjun Menon', 'blinkit', '44444444-4444-4444-4444-444444444444', 19.1156053, 72.8717339, TRUE, 0.16),
('w0000014-0000-0000-0000-000000000014', 'w0000014-0000-0000-0000-000000000014', 'Pooja Desai', 'zepto', '44444444-4444-4444-4444-444444444444', 19.1166053, 72.8727339, TRUE, 0.13),
('w0000015-0000-0000-0000-000000000015', 'w0000015-0000-0000-0000-000000000015', 'Rahul Sharma', 'instamart', '55555555-5555-5555-5555-555555555555', 19.0596, 72.8295, TRUE, 0.19),
('w0000016-0000-0000-0000-000000000016', 'w0000016-0000-0000-0000-000000000016', 'Kavita Singh', 'blinkit', '55555555-5555-5555-5555-555555555555', 19.0606, 72.8305, FALSE, 0.10),
('w0000017-0000-0000-0000-000000000017', 'w0000017-0000-0000-0000-000000000017', 'Manoj Kumar', 'zepto', '55555555-5555-5555-5555-555555555555', 19.0616, 72.8315, TRUE, 0.21),
('w0000018-0000-0000-0000-000000000018', 'w0000018-0000-0000-0000-000000000018', 'Sanjay Patel', 'instamart', '66666666-6666-6666-6666-666666666666', 28.6289, 77.2065, TRUE, 0.17),
('w0000019-0000-0000-0000-000000000019', 'w0000019-0000-0000-0000-000000000019', 'Rekha Agarwal', 'blinkit', '66666666-6666-6666-6666-666666666666', 28.6299, 77.2075, FALSE, 0.08),
('w0000020-0000-0000-0000-000000000020', 'w0000020-0000-0000-0000-000000000020', 'Anil Chopra', 'zepto', '66666666-6666-6666-6666-666666666666', 28.6309, 77.2085, TRUE, 0.14),
('w0000021-0000-0000-0000-000000000021', 'w0000021-0000-0000-0000-000000000021', 'Meera Kapoor', 'instamart', '77777777-7777-7777-7777-777777777777', 28.5921, 77.0460, TRUE, 0.12),
('w0000022-0000-0000-0000-000000000022', 'w0000022-0000-0000-0000-000000000022', 'Rohit Mehta', 'blinkit', '77777777-7777-7777-7777-777777777777', 28.5931, 77.0470, TRUE, 0.20),
('w0000023-0000-0000-0000-000000000023', 'w0000023-0000-0000-0000-000000000023', 'Geeta Iyer', 'zepto', '77777777-7777-7777-7777-777777777777', 28.5941, 77.0480, FALSE, 0.09),
('w0000024-0000-0000-0000-000000000024', 'w0000024-0000-0000-0000-000000000024', 'Vinod Das', 'instamart', '88888888-8888-8888-8888-888888888888', 22.5726, 88.3639, TRUE, 0.15),
('w0000025-0000-0000-0000-000000000025', 'w0000025-0000-0000-0000-000000000025', 'Seema Roy', 'blinkit', '88888888-8888-8888-8888-888888888888', 22.5736, 88.3649, TRUE, 0.11),
('w0000026-0000-0000-0000-000000000026', 'w0000026-0000-0000-0000-000000000026', 'Ashok Ghosh', 'zepto', '88888888-8888-8888-8888-888888888888', 22.5746, 88.3659, FALSE, 0.18),
('w0000027-0000-0000-0000-000000000027', 'w0000027-0000-0000-0000-000000000027', 'Radha Banerjee', 'instamart', '99999999-9999-9999-9999-999999999999', 22.5804, 88.4328, TRUE, 0.13),
('w0000028-0000-0000-0000-000000000028', 'w0000028-0000-0000-0000-000000000028', 'Ajay Mukherjee', 'blinkit', '99999999-9999-9999-9999-999999999999', 22.5814, 88.4338, TRUE, 0.16),
('w0000029-0000-0000-0000-000000000029', 'w0000029-0000-0000-0000-000000000029', 'Parvati Sen', 'zepto', '99999999-9999-9999-9999-999999999999', 22.5824, 88.4348, FALSE, 0.10),
('w0000030-0000-0000-0000-000000000030', 'w0000030-0000-0000-0000-000000000030', 'Dinesh Rao', 'instamart', 'aaaaaaaa-aaaa-aaaa-aaaa-aaaaaaaaaaaa', 17.4126, 78.4782, TRUE, 0.14),
('w0000031-0000-0000-0000-000000000031', 'w0000031-0000-0000-0000-000000000031', 'Savitri Naidu', 'blinkit', 'aaaaaaaa-aaaa-aaaa-aaaa-aaaaaaaaaaaa', 17.4136, 78.4792, TRUE, 0.19),
('w0000032-0000-0000-0000-000000000032', 'w0000032-0000-0000-0000-000000000032', 'Kiran Reddy', 'zepto', 'aaaaaaaa-aaaa-aaaa-aaaa-aaaaaaaaaaaa', 17.4146, 78.4802, FALSE, 0.07),
('w0000033-0000-0000-0000-000000000033', 'w0000033-0000-0000-0000-000000000033', 'Prakash Nair', 'instamart', '11111111-1111-1111-1111-111111111111', 12.9362855, 77.6254834, TRUE, 0.12),
('w0000034-0000-0000-0000-000000000034', 'w0000034-0000-0000-0000-000000000034', 'Shanti Pillai', 'blinkit', '11111111-1111-1111-1111-111111111111', 12.9372855, 77.6264834, TRUE, 0.16),
('w0000035-0000-0000-0000-000000000035', 'w0000035-0000-0000-0000-000000000035', 'Harish Jain', 'zepto', '11111111-1111-1111-1111-111111111111', 12.9382855, 77.6274834, FALSE, 0.09),
('w0000036-0000-0000-0000-000000000036', 'w0000036-0000-0000-0000-000000000036', 'Usha Bhatt', 'instamart', '22222222-2222-2222-2222-222222222222', 12.9748915, 77.6441545, TRUE, 0.11),
('w0000037-0000-0000-0000-000000000037', 'w0000037-0000-0000-0000-000000000037', 'Naveen Rao', 'blinkit', '22222222-2222-2222-2222-222222222222', 12.9758915, 77.6451545, TRUE, 0.20),
('w0000038-0000-0000-0000-000000000038', 'w0000038-0000-0000-0000-000000000038', 'Rita Mishra', 'zepto', '22222222-2222-2222-2222-222222222222', 12.9768915, 77.6461545, FALSE, 0.08),
('w0000039-0000-0000-0000-000000000039', 'w0000039-0000-0000-0000-000000000039', 'Gautam Sinha', 'instamart', '33333333-3333-3333-3333-333333333333', 12.9738996, 77.7539721, TRUE, 0.15),
('w0000040-0000-0000-0000-000000000040', 'w0000040-0000-0000-0000-000000000040', 'Lalita Devi', 'blinkit', '33333333-3333-3333-3333-333333333333', 12.9748996, 77.7549721, TRUE, 0.13),
('w0000041-0000-0000-0000-000000000041', 'w0000041-0000-0000-0000-000000000041', 'Bala Krishna', 'zepto', '33333333-3333-3333-3333-333333333333', 12.9758996, 77.7559721, FALSE, 0.17),
('w0000042-0000-0000-0000-000000000042', 'w0000042-0000-0000-0000-000000000042', 'Kamala Bose', 'instamart', '44444444-4444-4444-4444-444444444444', 19.1176053, 72.8737339, TRUE, 0.14),
('w0000043-0000-0000-0000-000000000043', 'w0000043-0000-0000-0000-000000000043', 'Srinivas Rao', 'blinkit', '44444444-4444-4444-4444-444444444444', 19.1186053, 72.8747339, TRUE, 0.18),
('w0000044-0000-0000-0000-000000000044', 'w0000044-0000-0000-0000-000000000044', 'Madhuri Shah', 'zepto', '44444444-4444-4444-4444-444444444444', 19.1196053, 72.8757339, FALSE, 0.10),
('w0000045-0000-0000-0000-000000000045', 'w0000045-0000-0000-0000-000000000045', 'Ramesh Pandey', 'instamart', '55555555-5555-5555-5555-555555555555', 19.0626, 72.8325, TRUE, 0.21),
('w0000046-0000-0000-0000-000000000046', 'w0000046-0000-0000-0000-000000000046', 'Nirmala Kaur', 'blinkit', '55555555-5555-5555-5555-555555555555', 19.0636, 72.8335, TRUE, 0.12),
('w0000047-0000-0000-0000-000000000047', 'w0000047-0000-0000-0000-000000000047', 'Ganesh Iyer', 'zepto', '55555555-5555-5555-5555-555555555555', 19.0646, 72.8345, FALSE, 0.16),
('w0000048-0000-0000-0000-000000000048', 'w0000048-0000-0000-0000-000000000048', 'Padma Lakshmi', 'instamart', '66666666-6666-6666-6666-666666666666', 28.6319, 77.2095, TRUE, 0.09),
('w0000049-0000-0000-0000-000000000049', 'w0000049-0000-0000-0000-000000000049', 'Jagdish Bhatt', 'blinkit', '66666666-6666-6666-6666-666666666666', 28.6329, 77.2105, TRUE, 0.15),
('w0000050-0000-0000-0000-000000000050', 'w0000050-0000-0000-0000-000000000050', 'Sushila Reddy', 'zepto', '66666666-6666-6666-6666-666666666666', 28.6339, 77.2115, FALSE, 0.11),
('w0000051-0000-0000-0000-000000000051', 'w0000051-0000-0000-0000-000000000051', 'Mohan Lal', 'instamart', '77777777-7777-7777-7777-777777777777', 28.5951, 77.0490, TRUE, 0.19),
('w0000052-0000-0000-0000-000000000052', 'w0000052-0000-0000-0000-000000000052', 'Shobha Devi', 'blinkit', '77777777-7777-7777-7777-777777777777', 28.5961, 77.0500, TRUE, 0.13),
('w0000053-0000-0000-0000-000000000053', 'w0000053-0000-0000-0000-000000000053', 'Arun Sharma', 'zepto', '77777777-7777-7777-7777-777777777777', 28.5971, 77.0510, FALSE, 0.08),
('w0000054-0000-0000-0000-000000000054', 'w0000054-0000-0000-0000-000000000054', 'Renuka Singh', 'instamart', '88888888-8888-8888-8888-888888888888', 22.5756, 88.3669, TRUE, 0.17),
('w0000055-0000-0000-0000-000000000055', 'w0000055-0000-0000-0000-000000000055', 'Gopal Das', 'blinkit', '88888888-8888-8888-8888-888888888888', 22.5766, 88.3679, TRUE, 0.14),
('w0000056-0000-0000-0000-000000000056', 'w0000056-0000-0000-0000-000000000056', 'Sudha Chatterjee', 'zepto', '88888888-8888-8888-8888-888888888888', 22.5776, 88.3689, FALSE, 0.10),
('w0000057-0000-0000-0000-000000000057', 'w0000057-0000-0000-0000-000000000057', 'Biswas Roy', 'instamart', '99999999-9999-9999-9999-999999999999', 22.5834, 88.4358, TRUE, 0.16),
('w0000058-0000-0000-0000-000000000058', 'w0000058-0000-0000-0000-000000000058', 'Meena Dutta', 'blinkit', '99999999-9999-9999-9999-999999999999', 22.5844, 88.4368, TRUE, 0.12),
('w0000059-0000-0000-0000-000000000059', 'w0000059-0000-0000-0000-000000000059', 'Tapas Sarkar', 'zepto', '99999999-9999-9999-9999-999999999999', 22.5854, 88.4378, FALSE, 0.20),
('w0000060-0000-0000-0000-000000000060', 'w0000060-0000-0000-0000-000000000060', 'Vasantha Kumar', 'instamart', 'aaaaaaaa-aaaa-aaaa-aaaa-aaaaaaaaaaaa', 17.4156, 78.4812, TRUE, 0.11),
('w0000061-0000-0000-0000-000000000061', 'w0000061-0000-0000-0000-000000000061', 'Sharada Murthy', 'blinkit', 'aaaaaaaa-aaaa-aaaa-aaaa-aaaaaaaaaaaa', 17.4166, 78.4822, TRUE, 0.18),
('w0000062-0000-0000-0000-000000000062', 'w0000062-0000-0000-0000-000000000062', 'Shankar Pillai', 'zepto', 'aaaaaaaa-aaaa-aaaa-aaaa-aaaaaaaaaaaa', 17.4176, 78.4832, FALSE, 0.09),
('w0000063-0000-0000-0000-000000000063', 'w0000063-0000-0000-0000-000000000063', 'Malini Reddy', 'instamart', '11111111-1111-1111-1111-111111111111', 12.9392855, 77.6284834, TRUE, 0.15),
('w0000064-0000-0000-0000-000000000064', 'w0000064-0000-0000-0000-000000000064', 'Prasad Kumar', 'blinkit', '11111111-1111-1111-1111-111111111111', 12.9402855, 77.6294834, TRUE, 0.13),
('w0000065-0000-0000-0000-000000000065', 'w0000065-0000-0000-0000-000000000065', 'Bhavna Shah', 'zepto', '22222222-2222-2222-2222-222222222222', 12.9778915, 77.6471545, FALSE, 0.07),
('w0000066-0000-0000-0000-000000000066', 'w0000066-0000-0000-0000-000000000066', 'Naresh Chandra', 'instamart', '22222222-2222-2222-2222-222222222222', 12.9788915, 77.6481545, TRUE, 0.19),
('w0000067-0000-0000-0000-000000000067', 'w0000067-0000-0000-0000-000000000067', 'Lata Mangeshkar', 'blinkit', '33333333-3333-3333-3333-333333333333', 12.9768996, 77.7569721, TRUE, 0.14),
('w0000068-0000-0000-0000-000000000068', 'w0000068-0000-0000-0000-000000000068', 'Yogesh Pandey', 'zepto', '33333333-3333-3333-3333-333333333333', 12.9778996, 77.7579721, FALSE, 0.16),
('w0000069-0000-0000-0000-000000000069', 'w0000069-0000-0000-0000-000000000069', 'Jyoti Rao', 'instamart', '44444444-4444-4444-4444-444444444444', 19.1206053, 72.8767339, TRUE, 0.10),
('w0000070-0000-0000-0000-000000000070', 'w0000070-0000-0000-0000-000000000070', 'Balaji Naidu', 'blinkit', '44444444-4444-4444-4444-444444444444', 19.1216053, 72.8777339, TRUE, 0.21),
('w0000071-0000-0000-0000-000000000071', 'w0000071-0000-0000-0000-000000000071', 'Saraswati Iyer', 'zepto', '55555555-5555-5555-5555-555555555555', 19.0656, 72.8355, FALSE, 0.12),
('w0000072-0000-0000-0000-000000000072', 'w0000072-0000-0000-0000-000000000072', 'Bharat Bhushan', 'instamart', '55555555-5555-5555-5555-555555555555', 19.0666, 72.8365, TRUE, 0.17),
('w0000073-0000-0000-0000-000000000073', 'w0000073-0000-0000-0000-000000000073', 'Anita Desai', 'blinkit', '66666666-6666-6666-6666-666666666666', 28.6349, 77.2125, TRUE, 0.08),
('w0000074-0000-0000-0000-000000000074', 'w0000074-0000-0000-0000-000000000074', 'Subhash Ghai', 'zepto', '66666666-6666-6666-6666-666666666666', 28.6359, 77.2135, FALSE, 0.15),
('w0000075-0000-0000-0000-000000000075', 'w0000075-0000-0000-0000-000000000075', 'Rani Mukherjee', 'instamart', '77777777-7777-7777-7777-777777777777', 28.5981, 77.0520, TRUE, 0.11),
('w0000076-0000-0000-0000-000000000076', 'w0000076-0000-0000-0000-000000000076', 'Kishore Kumar', 'blinkit', '77777777-7777-7777-7777-777777777777', 28.5991, 77.0530, TRUE, 0.20),
('w0000077-0000-0000-0000-000000000077', 'w0000077-0000-0000-0000-000000000077', 'Hema Malini', 'zepto', '88888888-8888-8888-8888-888888888888', 22.5786, 88.3699, FALSE, 0.09),
('w0000078-0000-0000-0000-000000000078', 'w0000078-0000-0000-0000-000000000078', 'Dharmendra Singh', 'instamart', '88888888-8888-8888-8888-888888888888', 22.5796, 88.3709, TRUE, 0.16),
('w0000079-0000-0000-0000-000000000079', 'w0000079-0000-0000-0000-000000000079', 'Amitabh Roy', 'blinkit', '99999999-9999-9999-9999-999999999999', 22.5864, 88.4388, TRUE, 0.13),
('w0000080-0000-0000-0000-000000000080', 'w0000080-0000-0000-0000-000000000080', 'Rekha Sen', 'zepto', '99999999-9999-9999-9999-999999999999', 22.5874, 88.4398, FALSE, 0.18),
('w0000081-0000-0000-0000-000000000081', 'w0000081-0000-0000-0000-000000000081', 'Vijay Rao', 'instamart', 'aaaaaaaa-aaaa-aaaa-aaaa-aaaaaaaaaaaa', 17.4186, 78.4842, TRUE, 0.14),
('w0000082-0000-0000-0000-000000000082', 'w0000082-0000-0000-0000-000000000082', 'Salman Khan', 'blinkit', 'aaaaaaaa-aaaa-aaaa-aaaa-aaaaaaaaaaaa', 17.4196, 78.4852, TRUE, 0.10),
('w0000083-0000-0000-0000-000000000083', 'w0000083-0000-0000-0000-000000000083', 'Aishwarya Reddy', 'zepto', '11111111-1111-1111-1111-111111111111', 12.9412855, 77.6304834, FALSE, 0.22),
('w0000084-0000-0000-0000-000000000084', 'w0000084-0000-0000-0000-000000000084', 'Shahrukh Patel', 'instamart', '11111111-1111-1111-1111-111111111111', 12.9422855, 77.6314834, TRUE, 0.12),
('w0000085-0000-0000-0000-000000000085', 'w0000085-0000-0000-0000-000000000085', 'Aamir Singh', 'blinkit', '22222222-2222-2222-2222-222222222222', 12.9798915, 77.6491545, TRUE, 0.17),
('w0000086-0000-0000-0000-000000000086', 'w0000086-0000-0000-0000-000000000086', 'Hrithik Sharma', 'zepto', '22222222-2222-2222-2222-222222222222', 12.9808915, 77.6501545, FALSE, 0.08),
('w0000087-0000-0000-0000-000000000087', 'w0000087-0000-0000-0000-000000000087', 'Kareena Kapoor', 'instamart', '33333333-3333-3333-3333-333333333333', 12.9788996, 77.7589721, TRUE, 0.15),
('w0000088-0000-0000-0000-000000000088', 'w0000088-0000-0000-0000-000000000088', 'Priyanka Chopra', 'blinkit', '33333333-3333-3333-3333-333333333333', 12.9798996, 77.7599721, TRUE, 0.19),
('w0000089-0000-0000-0000-000000000089', 'w0000089-0000-0000-0000-000000000089', 'Akshay Kumar', 'zepto', '44444444-4444-4444-4444-444444444444', 19.1226053, 72.8787339, FALSE, 0.11),
('w0000090-0000-0000-0000-000000000090', 'w0000090-0000-0000-0000-000000000090', 'Katrina Kaif', 'instamart', '44444444-4444-4444-4444-444444444444', 19.1236053, 72.8797339, TRUE, 0.16),
('w0000091-0000-0000-0000-000000000091', 'w0000091-0000-0000-0000-000000000091', 'Ranveer Singh', 'blinkit', '55555555-5555-5555-5555-555555555555', 19.0676, 72.8375, TRUE, 0.13),
('w0000092-0000-0000-0000-000000000092', 'w0000092-0000-0000-0000-000000000092', 'Deepika Padukone', 'zepto', '55555555-5555-5555-5555-555555555555', 19.0686, 72.8385, FALSE, 0.20),
('w0000093-0000-0000-0000-000000000093', 'w0000093-0000-0000-0000-000000000093', 'Varun Dhawan', 'instamart', '66666666-6666-6666-6666-666666666666', 28.6369, 77.2145, TRUE, 0.09),
('w0000094-0000-0000-0000-000000000094', 'w0000094-0000-0000-0000-000000000094', 'Alia Bhatt', 'blinkit', '66666666-6666-6666-6666-666666666666', 28.6379, 77.2155, TRUE, 0.14),
('w0000095-0000-0000-0000-000000000095', 'w0000095-0000-0000-0000-000000000095', 'Ranbir Kapoor', 'zepto', '77777777-7777-7777-7777-777777777777', 28.6001, 77.0540, FALSE, 0.18),
('w0000096-0000-0000-0000-000000000096', 'w0000096-0000-0000-0000-000000000096', 'Anushka Sharma', 'instamart', '77777777-7777-7777-7777-777777777777', 28.6011, 77.0550, TRUE, 0.10),
('w0000097-0000-0000-0000-000000000097', 'w0000097-0000-0000-0000-000000000097', 'Vicky Kaushal', 'blinkit', '88888888-8888-8888-8888-888888888888', 22.5806, 88.3719, TRUE, 0.21),
('w0000098-0000-0000-0000-000000000098', 'w0000098-0000-0000-0000-000000000098', 'Sara Ali', 'zepto', '99999999-9999-9999-9999-999999999999', 22.5884, 88.4408, FALSE, 0.12),
('w0000099-0000-0000-0000-000000000099', 'w0000099-0000-0000-0000-000000000099', 'Kartik Aaryan', 'instamart', 'aaaaaaaa-aaaa-aaaa-aaaa-aaaaaaaaaaaa', 17.4206, 78.4862, TRUE, 0.15),
('w0000100-0000-0000-0000-000000000100', 'w0000100-0000-0000-0000-000000000100', 'Janhvi Kapoor', 'blinkit', 'aaaaaaaa-aaaa-aaaa-aaaa-aaaaaaaaaaaa', 17.4216, 78.4872, TRUE, 0.07);

-- =========================================
-- WORKER VEHICLES - One per worker
-- =========================================
INSERT INTO worker_vehicles (worker_id, vehicle_type, registration_number) VALUES
('w0000001-0000-0000-0000-000000000001', 'bike', 'KA01AB1234'),
('w0000002-0000-0000-0000-000000000002', 'scooter', 'KA01CD5678'),
('w0000003-0000-0000-0000-000000000003', 'bicycle', 'KA01EF9012'),
('w0000004-0000-0000-0000-000000000004', 'bike', 'KA02GH3456'),
('w0000005-0000-0000-0000-000000000005', 'scooter', 'KA02IJ7890'),
('w0000006-0000-0000-0000-000000000006', 'bicycle', 'KA02KL1234'),
('w0000007-0000-0000-0000-000000000007', 'bike', 'KA03MN5678'),
('w0000008-0000-0000-0000-000000000008', 'scooter', 'KA03OP9012'),
('w0000009-0000-0000-0000-000000000009', 'bicycle', 'KA03QR3456'),
('w0000010-0000-0000-0000-000000000010', 'bike', 'KA03ST7890'),
('w0000011-0000-0000-0000-000000000011', 'scooter', 'MH01UV1234'),
('w0000012-0000-0000-0000-000000000012', 'bicycle', 'MH01WX5678'),
('w0000013-0000-0000-0000-000000000013', 'bike', 'MH01YZ9012'),
('w0000014-0000-0000-0000-000000000014', 'scooter', 'MH01AB3456'),
('w0000015-0000-0000-0000-000000000015', 'bicycle', 'MH02CD7890'),
('w0000016-0000-0000-0000-000000000016', 'bike', 'MH02EF1234'),
('w0000017-0000-0000-0000-000000000017', 'scooter', 'MH02GH5678'),
('w0000018-0000-0000-0000-000000000018', 'bicycle', 'DL01IJ9012'),
('w0000019-0000-0000-0000-000000000019', 'bike', 'DL01KL3456'),
('w0000020-0000-0000-0000-000000000020', 'scooter', 'DL01MN7890'),
('w0000021-0000-0000-0000-000000000021', 'bicycle', 'DL02OP1234'),
('w0000022-0000-0000-0000-000000000022', 'bike', 'DL02QR5678'),
('w0000023-0000-0000-0000-000000000023', 'scooter', 'DL02ST9012'),
('w0000024-0000-0000-0000-000000000024', 'bicycle', 'WB01UV3456'),
('w0000025-0000-0000-0000-000000000025', 'bike', 'WB01WX7890'),
('w0000026-0000-0000-0000-000000000026', 'scooter', 'WB01YZ1234'),
('w0000027-0000-0000-0000-000000000027', 'bicycle', 'WB02AB5678'),
('w0000028-0000-0000-0000-000000000028', 'bike', 'WB02CD9012'),
('w0000029-0000-0000-0000-000000000029', 'scooter', 'WB02EF3456'),
('w0000030-0000-0000-0000-000000000030', 'bicycle', 'TS01GH7890'),
('w0000031-0000-0000-0000-000000000031', 'bike', 'TS01IJ1234'),
('w0000032-0000-0000-0000-000000000032', 'scooter', 'TS01KL5678'),
('w0000033-0000-0000-0000-000000000033', 'bicycle', 'KA01MN9012'),
('w0000034-0000-0000-0000-000000000034', 'bike', 'KA01OP3456'),
('w0000035-0000-0000-0000-000000000035', 'scooter', 'KA01QR7890'),
('w0000036-0000-0000-0000-000000000036', 'bicycle', 'KA02ST1234'),
('w0000037-0000-0000-0000-000000000037', 'bike', 'KA02UV5678'),
('w0000038-0000-0000-0000-000000000038', 'scooter', 'KA02WX9012'),
('w0000039-0000-0000-0000-000000000039', 'bicycle', 'KA03YZ3456'),
('w0000040-0000-0000-0000-000000000040', 'bike', 'KA03AB7890'),
('w0000041-0000-0000-0000-000000000041', 'scooter', 'KA03CD1234'),
('w0000042-0000-0000-0000-000000000042', 'bicycle', 'MH01EF5678'),
('w0000043-0000-0000-0000-000000000043', 'bike', 'MH01GH9012'),
('w0000044-0000-0000-0000-000000000044', 'scooter', 'MH01IJ3456'),
('w0000045-0000-0000-0000-000000000045', 'bicycle', 'MH02KL7890'),
('w0000046-0000-0000-0000-000000000046', 'bike', 'MH02MN1234'),
('w0000047-0000-0000-0000-000000000047', 'scooter', 'MH02OP5678'),
('w0000048-0000-0000-0000-000000000048', 'bicycle', 'DL01QR9012'),
('w0000049-0000-0000-0000-000000000049', 'bike', 'DL01ST3456'),
('w0000050-0000-0000-0000-000000000050', 'scooter', 'DL01UV7890'),
('w0000051-0000-0000-0000-000000000051', 'bicycle', 'DL02WX1234'),
('w0000052-0000-0000-0000-000000000052', 'bike', 'DL02YZ5678'),
('w0000053-0000-0000-0000-000000000053', 'scooter', 'DL02AB9012'),
('w0000054-0000-0000-0000-000000000054', 'bicycle', 'WB01CD3456'),
('w0000055-0000-0000-0000-000000000055', 'bike', 'WB01EF7890'),
('w0000056-0000-0000-0000-000000000056', 'scooter', 'WB01GH1234'),
('w0000057-0000-0000-0000-000000000057', 'bicycle', 'WB02IJ5678'),
('w0000058-0000-0000-0000-000000000058', 'bike', 'WB02KL9012'),
('w0000059-0000-0000-0000-000000000059', 'scooter', 'WB02MN3456'),
('w0000060-0000-0000-0000-000000000060', 'bicycle', 'TS01OP7890'),
('w0000061-0000-0000-0000-000000000061', 'bike', 'TS01QR1234'),
('w0000062-0000-0000-0000-000000000062', 'scooter', 'TS01ST5678'),
('w0000063-0000-0000-0000-000000000063', 'bicycle', 'KA01UV9012'),
('w0000064-0000-0000-0000-000000000064', 'bike', 'KA01WX3456'),
('w0000065-0000-0000-0000-000000000065', 'scooter', 'KA02YZ7890'),
('w0000066-0000-0000-0000-000000000066', 'bicycle', 'KA02AB1234'),
('w0000067-0000-0000-0000-000000000067', 'bike', 'KA03CD5678'),
('w0000068-0000-0000-0000-000000000068', 'scooter', 'KA03EF9012'),
('w0000069-0000-0000-0000-000000000069', 'bicycle', 'MH01GH3456'),
('w0000070-0000-0000-0000-000000000070', 'bike', 'MH01IJ7890'),
('w0000071-0000-0000-0000-000000000071', 'scooter', 'MH02KL1234'),
('w0000072-0000-0000-0000-000000000072', 'bicycle', 'MH02MN5678'),
('w0000073-0000-0000-0000-000000000073', 'bike', 'DL01OP9012'),
('w0000074-0000-0000-0000-000000000074', 'scooter', 'DL01QR3456'),
('w0000075-0000-0000-0000-000000000075', 'bicycle', 'DL02ST7890'),
('w0000076-0000-0000-0000-000000000076', 'bike', 'DL02UV1234'),
('w0000077-0000-0000-0000-000000000077', 'scooter', 'WB01WX5678'),
('w0000078-0000-0000-0000-000000000078', 'bicycle', 'WB01YZ9012'),
('w0000079-0000-0000-0000-000000000079', 'bike', 'WB02AB3456'),
('w0000080-0000-0000-0000-000000000080', 'scooter', 'WB02CD7890'),
('w0000081-0000-0000-0000-000000000081', 'bicycle', 'TS01EF1234'),
('w0000082-0000-0000-0000-000000000082', 'bike', 'TS01GH5678'),
('w0000083-0000-0000-0000-000000000083', 'scooter', 'KA01IJ9012'),
('w0000084-0000-0000-0000-000000000084', 'bicycle', 'KA01KL3456'),
('w0000085-0000-0000-0000-000000000085', 'bike', 'KA02MN7890'),
('w0000086-0000-0000-0000-000000000086', 'scooter', 'KA02OP1234'),
('w0000087-0000-0000-0000-000000000087', 'bicycle', 'KA03QR5678'),
('w0000088-0000-0000-0000-000000000088', 'bike', 'KA03ST9012'),
('w0000089-0000-0000-0000-000000000089', 'scooter', 'MH01UV3456'),
('w0000090-0000-0000-0000-000000000090', 'bicycle', 'MH01WX7890'),
('w0000091-0000-0000-0000-000000000091', 'bike', 'MH02YZ1234'),
('w0000092-0000-0000-0000-000000000092', 'scooter', 'MH02AB5678'),
('w0000093-0000-0000-0000-000000000093', 'bicycle', 'DL01CD9012'),
('w0000094-0000-0000-0000-000000000094', 'bike', 'DL01EF3456'),
('w0000095-0000-0000-0000-000000000095', 'scooter', 'DL02GH7890'),
('w0000096-0000-0000-0000-000000000096', 'bicycle', 'DL02IJ1234'),
('w0000097-0000-0000-0000-000000000097', 'bike', 'WB01KL5678'),
('w0000098-0000-0000-0000-000000000098', 'scooter', 'WB02MN9012'),
('w0000099-0000-0000-0000-000000000099', 'bicycle', 'TS01OP3456'),
('w0000100-0000-0000-0000-000000000100', 'bike', 'TS01QR7890');
